INSERT INTO products (name, description, price, quantity)
VALUES ('Laptop',
        'A high-performance laptop',
        9999.99,
        0),
       ('Smartphone', 'A modern smartphone', 15999.99, 15),
       ('Tablet',
        'A versatile tablet for work and play',
        5399.99,
        20),
       ('Headphones',
        'Noise-canceling headphones',
        2199.99,
        25),
       ('Smartwatch',
        'A smartwatch with fitness tracking',
        4299.99,
        30),
       ('Desktop PC',
        'A powerful desktop computer',
        21199.99,
        5),
       ('Gaming Console',
        'Next-gen gaming console',
        5499.99,
        50),
       ('Smart TV', 'A 55-inch 4K smart TV', 8899.99, 8),
       ('Camera',
        'Digital SLR camera with zoom lens',
        9799.99,
        12),
       ('Bluetooth Speaker',
        'Portable Bluetooth speaker',
        649.99,
        35),
       ('Drone', 'A drone with 4K camera', 5399.99, 18),
       ('External Hard Drive',
        '2TB external hard drive',
        899.99,
        40),
       ('Monitor', '27-inch LED monitor', 249.99, 22),
       ('Keyboard', 'Mechanical keyboard', 2399.99, 60),
       ('Mouse', 'Wireless optical mouse', 1499.99, 55),
       ('Router', 'Wi-Fi 6 router', 179.99, 18),
       ('Printer', 'All-in-one printer', 129.99, 10),
       ('Smart Light Bulb',
        'Wi-Fi connected smart light bulb',
        299.99,
        70),
       ('AR Headset',
        'Augmented reality headset',
        34999.99,
        5),
       ('E-Reader',
        'E-Reader with high-resolution display',
        1499.99,
        25);


INSERT INTO available_categories (name, description)
VALUES ('Electronics', 'Electronic devices'),
       ('Technology', 'Tech stuff'),
       ('Computers', 'Computing devices and accessories'),
       ('Smartphones', 'Mobile devices with smart capabilities'),
       ('Cameras', 'Digital and analog cameras'),
       ('Home Appliances', 'Appliances for home use'),
       ('Gaming', 'Video game consoles and accessories'),
       ('Wearables', 'Wearable technology devices'),
       ('Networking', 'Network devices and accessories'),
       ('Audio', 'Audio devices and speakers'),
       ('Storage', 'Storage devices like HDD and SSD'),
       ('Drones', 'Remote-controlled flying devices'),
       ('Smart Home', 'Smart home devices and automation'),
       ('Printers', 'Printing devices'),
       ('Monitors', 'Display devices for computers'),
       ('Accessories', 'Computer peripherals and accessories');

INSERT INTO product_categories (product_id, category)
VALUES ((SELECT id FROM products WHERE name = 'Laptop'), 'Electronics'),
       ((SELECT id FROM products WHERE name = 'Laptop'), 'Computers'),
       ((SELECT id FROM products WHERE name = 'Smartphone'), 'Electronics'),
       ((SELECT id FROM products WHERE name = 'Smartphone'), 'Smartphones'),
       ((SELECT id FROM products WHERE name = 'Tablet'), 'Electronics'),
       ((SELECT id FROM products WHERE name = 'Tablet'), 'Computers'),
       ((SELECT id FROM products WHERE name = 'Headphones'), 'Electronics'),
       ((SELECT id FROM products WHERE name = 'Headphones'), 'Audio'),
       ((SELECT id FROM products WHERE name = 'Smartwatch'), 'Electronics'),
       ((SELECT id FROM products WHERE name = 'Smartwatch'), 'Wearables'),
       ((SELECT id FROM products WHERE name = 'Desktop PC'), 'Electronics'),
       ((SELECT id FROM products WHERE name = 'Desktop PC'), 'Computers'),
       ((SELECT id FROM products WHERE name = 'Gaming Console'), 'Electronics'),
       ((SELECT id FROM products WHERE name = 'Gaming Console'), 'Gaming'),
       ((SELECT id FROM products WHERE name = 'Smart TV'), 'Electronics'),
       ((SELECT id FROM products WHERE name = 'Camera'), 'Electronics'),
       ((SELECT id FROM products WHERE name = 'Camera'), 'Cameras'),
       ((SELECT id FROM products WHERE name = 'Bluetooth Speaker'), 'Electronics'),
       ((SELECT id FROM products WHERE name = 'Bluetooth Speaker'), 'Audio'),
       ((SELECT id FROM products WHERE name = 'Drone'), 'Electronics'),
       ((SELECT id FROM products WHERE name = 'Drone'), 'Drones'),
       ((SELECT id FROM products WHERE name = 'External Hard Drive'), 'Electronics'),
       ((SELECT id FROM products WHERE name = 'Monitor'), 'Electronics'),
       ((SELECT id FROM products WHERE name = 'Monitor'), 'Accessories'),
       ((SELECT id FROM products WHERE name = 'Keyboard'), 'Electronics'),
       ((SELECT id FROM products WHERE name = 'Keyboard'), 'Accessories'),
       ((SELECT id FROM products WHERE name = 'Mouse'), 'Electronics'),
       ((SELECT id FROM products WHERE name = 'Mouse'), 'Accessories'),
       ((SELECT id FROM products WHERE name = 'Router'), 'Electronics'),
       ((SELECT id FROM products WHERE name = 'Printer'), 'Electronics'),
       ((SELECT id FROM products WHERE name = 'Printer'), 'Printers'),
       ((SELECT id FROM products WHERE name = 'Smart Light Bulb'), 'Electronics'),
       ((SELECT id FROM products WHERE name = 'AR Headset'), 'Electronics'),
       ((SELECT id FROM products WHERE name = 'E-Reader'), 'Electronics');
